<?xml version="1.0" encoding="UTF-8"?>
<project-private xmlns="http://www.netbeans.org/ns/project-private/1">
    <editor-bookmarks xmlns="http://www.netbeans.org/ns/editor-bookmarks/2" lastBookmarkId="0"/>
    <open-files xmlns="http://www.netbeans.org/ns/projectui-open-files/2">
        <group>
            <file>file:/E:/Keerthana/keerthi/Reference/Java%20Projects/All%20MCA%20source%20code/Flexible%20&amp;%20Fine%20grained/Flexible%20and%20Fine%20Grained/web/request.jsp</file>
            <file>file:/E:/Keerthana/keerthi/Reference/Java%20Projects/All%20MCA%20source%20code/Flexible%20&amp;%20Fine%20grained/Flexible%20and%20Fine%20Grained/web/assets/img/sudip.jpg</file>
            <file>file:/E:/Keerthana/keerthi/Reference/Java%20Projects/All%20MCA%20source%20code/Flexible%20&amp;%20Fine%20grained/Flexible%20and%20Fine%20Grained/web/img/du.jpg</file>
            <file>file:/E:/Keerthana/keerthi/Reference/Java%20Projects/All%20MCA%20source%20code/Flexible%20&amp;%20Fine%20grained/Flexible%20and%20Fine%20Grained/src/java/Upload/Download.java</file>
            <file>file:/E:/Keerthana/keerthi/Reference/Java%20Projects/All%20MCA%20source%20code/Flexible%20&amp;%20Fine%20grained/Flexible%20and%20Fine%20Grained/web/file_de1.jsp</file>
            <file>file:/E:/Keerthana/keerthi/Reference/Java%20Projects/All%20MCA%20source%20code/Flexible%20&amp;%20Fine%20grained/Flexible%20and%20Fine%20Grained/web/assets/img/ax.png</file>
            <file>file:/E:/Keerthana/keerthi/Reference/Java%20Projects/All%20MCA%20source%20code/Flexible%20&amp;%20Fine%20grained/Flexible%20and%20Fine%20Grained/web/assets/img/5.png</file>
            <file>file:/E:/Keerthana/keerthi/Reference/Java%20Projects/All%20MCA%20source%20code/Flexible%20&amp;%20Fine%20grained/Flexible%20and%20Fine%20Grained/web/img/cc.jpg</file>
            <file>file:/E:/Keerthana/keerthi/Reference/Java%20Projects/All%20MCA%20source%20code/Flexible%20&amp;%20Fine%20grained/Flexible%20and%20Fine%20Grained/src/java/Dbcon/Ftpcon.java</file>
            <file>file:/E:/Keerthana/keerthi/Reference/Java%20Projects/All%20MCA%20source%20code/Flexible%20&amp;%20Fine%20grained/Flexible%20and%20Fine%20Grained/web/down_de.jsp</file>
            <file>file:/E:/Keerthana/keerthi/Reference/Java%20Projects/All%20MCA%20source%20code/Flexible%20&amp;%20Fine%20grained/Flexible%20and%20Fine%20Grained/web/style.css</file>
            <file>file:/E:/Keerthana/keerthi/Reference/Java%20Projects/All%20MCA%20source%20code/Flexible%20&amp;%20Fine%20grained/Flexible%20and%20Fine%20Grained/web/index.jsp</file>
            <file>file:/E:/Keerthana/keerthi/Reference/Java%20Projects/All%20MCA%20source%20code/Flexible%20&amp;%20Fine%20grained/Flexible%20and%20Fine%20Grained/web/assets/img/a.jpg</file>
            <file>file:/E:/Keerthana/keerthi/Reference/Java%20Projects/All%20MCA%20source%20code/Flexible%20&amp;%20Fine%20grained/Flexible%20and%20Fine%20Grained/web/assets/img/6.png</file>
            <file>file:/E:/Keerthana/keerthi/Reference/Java%20Projects/All%20MCA%20source%20code/Flexible%20&amp;%20Fine%20grained/Flexible%20and%20Fine%20Grained/web/down1.jsp</file>
            <file>file:/E:/Keerthana/keerthi/Reference/Java%20Projects/All%20MCA%20source%20code/Flexible%20&amp;%20Fine%20grained/Flexible%20and%20Fine%20Grained/web/gm.jsp</file>
            <file>file:/E:/Keerthana/keerthi/Reference/Java%20Projects/All%20MCA%20source%20code/Flexible%20&amp;%20Fine%20grained/Flexible%20and%20Fine%20Grained/web/img/aud.jpg</file>
            <file>file:/E:/Keerthana/keerthi/Reference/Java%20Projects/All%20MCA%20source%20code/Flexible%20&amp;%20Fine%20grained/Flexible%20and%20Fine%20Grained/web/assets/img/2.png</file>
            <file>file:/E:/Keerthana/keerthi/Reference/Java%20Projects/All%20MCA%20source%20code/Flexible%20&amp;%20Fine%20grained/Flexible%20and%20Fine%20Grained/web/login.jsp</file>
            <file>file:/E:/Keerthana/keerthi/Reference/Java%20Projects/All%20MCA%20source%20code/Flexible%20&amp;%20Fine%20grained/Flexible%20and%20Fine%20Grained/web/file_de.jsp</file>
            <file>file:/E:/Keerthana/keerthi/Reference/Java%20Projects/All%20MCA%20source%20code/Flexible%20&amp;%20Fine%20grained/Flexible%20and%20Fine%20Grained/web/down.jsp</file>
            <file>file:/E:/Keerthana/keerthi/Reference/Java%20Projects/All%20MCA%20source%20code/Flexible%20&amp;%20Fine%20grained/Flexible%20and%20Fine%20Grained/web/assets/img/b.jpg</file>
            <file>file:/E:/Keerthana/keerthi/Reference/Java%20Projects/All%20MCA%20source%20code/Flexible%20&amp;%20Fine%20grained/Flexible%20and%20Fine%20Grained/web/download.jsp</file>
            <file>file:/E:/Keerthana/keerthi/Reference/Java%20Projects/All%20MCA%20source%20code/Flexible%20&amp;%20Fine%20grained/Flexible%20and%20Fine%20Grained/web/img/gm.jpg</file>
            <file>file:/E:/Keerthana/keerthi/Reference/Java%20Projects/All%20MCA%20source%20code/Flexible%20&amp;%20Fine%20grained/Flexible%20and%20Fine%20Grained/web/assets/img/3.png</file>
            <file>file:/E:/Keerthana/keerthi/Reference/Java%20Projects/All%20MCA%20source%20code/Flexible%20&amp;%20Fine%20grained/Flexible%20and%20Fine%20Grained/src/java/Dbcon/Mail.java</file>
            <file>file:/E:/Keerthana/keerthi/Reference/Java%20Projects/All%20MCA%20source%20code/Flexible%20&amp;%20Fine%20grained/Flexible%20and%20Fine%20Grained/web/assets/img/1.png</file>
            <file>file:/E:/Keerthana/keerthi/Reference/Java%20Projects/All%20MCA%20source%20code/Flexible%20&amp;%20Fine%20grained/Flexible%20and%20Fine%20Grained/web/verify.jsp</file>
            <file>file:/E:/Keerthana/keerthi/Reference/Java%20Projects/All%20MCA%20source%20code/Flexible%20&amp;%20Fine%20grained/Flexible%20and%20Fine%20Grained/web/assets/img/c.jpg</file>
            <file>file:/E:/Keerthana/keerthi/Reference/Java%20Projects/All%20MCA%20source%20code/Flexible%20&amp;%20Fine%20grained/Flexible%20and%20Fine%20Grained/src/java/Dbcon/DbConnection.java</file>
            <file>file:/E:/Keerthana/keerthi/Reference/Java%20Projects/All%20MCA%20source%20code/Flexible%20&amp;%20Fine%20grained/Flexible%20and%20Fine%20Grained/web/assets/img/4.png</file>
            <file>file:/E:/Keerthana/keerthi/Reference/Java%20Projects/All%20MCA%20source%20code/Flexible%20&amp;%20Fine%20grained/Flexible%20and%20Fine%20Grained/web/assets/img/carousel3.png</file>
        </group>
    </open-files>
</project-private>
