<?xml version="1.0" encoding="UTF-8"?>
<project-private xmlns="http://www.netbeans.org/ns/project-private/1">
    <editor-bookmarks xmlns="http://www.netbeans.org/ns/editor-bookmarks/2" lastBookmarkId="0"/>
    <open-files xmlns="http://www.netbeans.org/ns/projectui-open-files/2">
        <group>
            <file>file:/C:/Users/win-user/Desktop/EXTRAS%20-%20Copy/billingsystem/src/itemdetails.java</file>
            <file>file:/C:/Users/win-user/Desktop/EXTRAS%20-%20Copy/billingsystem/src/login.java</file>
            <file>file:/C:/Users/win-user/Desktop/EXTRAS%20-%20Copy/billingsystem/src/itemlist.java</file>
            <file>file:/C:/Users/win-user/Desktop/EXTRAS%20-%20Copy/billingsystem/src/Billingsystem.java</file>
            <file>file:/C:/Users/win-user/Desktop/EXTRAS%20-%20Copy/billingsystem/src/customerdetails.java</file>
            <file>file:/C:/Users/win-user/Desktop/EXTRAS%20-%20Copy/billingsystem/src/MySqlConnect.java</file>
            <file>file:/C:/Users/win-user/Desktop/EXTRAS%20-%20Copy/billingsystem/src/welcome.java</file>
        </group>
    </open-files>
</project-private>
